,Key,Item Type,Publication Year,Author,Title,Publication Title,ISBN,ISSN,DOI,Url,Abstract Note,Date,Date Added,Date Modified,Access Date,Pages,Num Pages,Issue,Volume,Number Of Volumes,Journal Abbreviation,Short Title,Series,Series Number,Series Text,Series Title,Publisher,Place,Language,Rights,Type,Archive,Archive Location,Library Catalog,Call Number,Extra,Notes,File Attachments,Link Attachments,Manual Tags,Automatic Tags,Editor,Series Editor,Translator,Contributor,Attorney Agent,Book Author,Cast Member,Commenter,Composer,Cosponsor,Counsel,Interviewer,Producer,Recipient,Reviewed Author,Scriptwriter,Words By,Guest,Number,Edition,Running Time,Scale,Medium,Artwork Size,Filing Date,Application Number,Assignee,Issuing Authority,Country,Meeting Name,Conference Name,Court,References,Reporter,Legal Status,Priority Numbers,Programming Language,Version,System,Code,Code Number,Section,Session,Committee,History,Legislative Body
0,MMG79GRQ,journalArticle,2017.0,"Riazi, Sarmad; Wigström, Oskar; Bengtsson, Kristofer; Lennartson, Bengt",Energy and peak power optimization of time-bounded robot trajectories,IEEE Transactions on Automation Science and Engineering,,,,,,2017,2020-03-29 14:47:22,2020-03-29 14:47:22,,646–657,,2,14.0,,,,,,,,,,,,,,,Google Scholar,,Publisher: IEEE,,C:\Users\StanS\Zotero\storage\XI9JLSPU\7831386.html,,,,,,,,,,,,,,,,,,,,,,,,,,,,,,,,,,,,,,,,,,,,,,,,,
1,R3EXKXCY,journalArticle,2012.0,"Vergnano, Alberto; Thorstensson, Carl; Lennartson, Bengt; Falkman, Petter; Pellicciari, Marcello; Leali, Francesco; Biller, Stephan",Modeling and optimization of energy consumption in cooperative multi-robot systems,IEEE Transactions on Automation Science and Engineering,,,,,,2012,2020-03-29 14:47:52,2020-03-29 14:47:52,,423–428,,2,9.0,,,,,,,,,,,,,,,Google Scholar,,Publisher: IEEE,,C:\Users\StanS\Zotero\storage\NP799PU7\6140609.html,,,,,,,,,,,,,,,,,,,,,,,,,,,,,,,,,,,,,,,,,,,,,,,,,
2,6CYUEI9R,conferencePaper,1976.0,"Orin, David E.; McGhee, Robert B.; Jaswa, V. C.","Interactive compute-control of a six-legged robot vehicle with optimization of stability, terrain adaptibility and energy",1976 IEEE Conference on Decision and Control including the 15th Symposium on Adaptive Processes,,,,,,1976,2020-03-29 14:49:53,2020-03-29 14:49:53,,382–391,,,,,,,,,,,IEEE,,,,,,,Google Scholar,,,,C:\Users\StanS\Zotero\storage\4XXNBP94\4045623.html,,,,,,,,,,,,,,,,,,,,,,,,,,,,,,,,,,,,,,,,,,,,,,,,,
3,KSXP9MWE,journalArticle,2014.0,"Mohammed, Abdullah; Schmidt, Bernard; Wang, Lihui; Gao, Liang",Minimizing energy consumption for robot arm movement,Procedia CIRP,,,,,,2014,2020-03-29 14:49:53,2020-03-29 14:49:53,,400–405,,,25.0,,,,,,,,,,,,,,,Google Scholar,,Publisher: Elsevier,,C:\Users\StanS\Zotero\storage\2S8HRLZS\Mohammed et al. - 2014 - Minimizing energy consumption for robot arm moveme.pdf,,,,,,,,,,,,,,,,,,,,,,,,,,,,,,,,,,,,,,,,,,,,,,,,,
4,EAKZR2CI,conferencePaper,2001.0,"Gemeinder, Marcus; Gerke, Michael",GA-based search for paths with minimum energy consumption for mobile robot systems,International Conference on Computational Intelligence,,,,,,2001,2020-03-29 14:49:53,2020-03-29 14:49:53,,599–607,,,,,,,,,,,Springer,,,,,,,Google Scholar,,,,C:\Users\StanS\Zotero\storage\GPZ5NS4S\3-540-45493-4_60.html,,,,,,,,,,,,,,,,,,,,,,,,,,,,,,,,,,,,,,,,,,,,,,,,,
5,M8YT9G2R,conferencePaper,2010.0,"Bailón, W. Pérez; Cardiel, E. Barrera; Campos, I. Juárez; Paz, A. Ramos",Mechanical energy optimization in trajectory planning for six DOF robot manipulators based on eighth-degree polynomial functions and a genetic algorithm,2010 7th International Conference on Electrical Engineering Computing Science and Automatic Control,,,,,,2010,2020-03-29 14:49:53,2020-03-29 14:49:53,,446–451,,,,,,,,,,,IEEE,,,,,,,Google Scholar,,,,C:\Users\StanS\Zotero\storage\X6Q5NED4\5608583.html,,,,,,,,,,,,,,,,,,,,,,,,,,,,,,,,,,,,,,,,,,,,,,,,,
6,FQ7PA9XH,bookSection,2008.0,"LIMA, JOSÉ L.; GONÇALVES, JOSÉ C.; COSTA, PAULO J.; MOREIRA, A. PAULO",Realistic humanoid robot simulation with an optimized controller: a power consumption minimization approach,Advances In Mobile Robotics,,,,,,2008,2020-03-29 14:49:53,2020-03-29 14:49:53,,1242–1249,,,,,,Realistic humanoid robot simulation with an optimized controller,,,,,World Scientific,,,,,,,Google Scholar,,,,C:\Users\StanS\Zotero\storage\QIRBFK3T\LIMA et al. - 2008 - Realistic humanoid robot simulation with an optimi.pdf; C:\Users\StanS\Zotero\storage\T4F688P4\9789812835772_0150.html,,,,,,,,,,,,,,,,,,,,,,,,,,,,,,,,,,,,,,,,,,,,,,,,,
7,YEBNK85H,conferencePaper,2005.0,"Siregar, H. P.",Simulation of power consumption for walking robot,"Proceedings of the Fifth International Workshop on Robot Motion and Control, 2005. RoMoCo'05.",,,,,,2005,2020-03-29 14:50:09,2020-03-29 14:50:09,,27–32,,,,,,,,,,,IEEE,,,,,,,Google Scholar,,,,C:\Users\StanS\Zotero\storage\MQ656BE9\1554375.html,,,,,,,,,,,,,,,,,,,,,,,,,,,,,,,,,,,,,,,,,,,,,,,,,
8,SJWTYJG3,conferencePaper,2016.0,"Fenucci, Alba; Indri, Marina; Romanelli, Fabrizio",An off-line robot motion planning approach for the reduction of the energy consumption,2016 IEEE 21st International Conference on Emerging Technologies and Factory Automation (ETFA),,,,,,2016,2020-03-29 14:50:09,2020-03-29 14:50:09,,1–8,,,,,,,,,,,IEEE,,,,,,,Google Scholar,,,,C:\Users\StanS\Zotero\storage\B92X6UWT\7733595.html,,,,,,,,,,,,,,,,,,,,,,,,,,,,,,,,,,,,,,,,,,,,,,,,,
9,A58BTBJS,conferencePaper,2010.0,"Vergnano, Alberto; Thorstensson, Carl; Lennartson, Bengt; Falkman, Petter; Pellicciari, Marcello; Yuan, Chengyin; Biller, Stephan; Leali, Francesco",Embedding detailed robot energy optimization into high-level scheduling,2010 IEEE International Conference on Automation Science and Engineering,,,,,,2010,2020-03-29 14:50:09,2020-03-29 14:50:09,,386–392,,,,,,,,,,,IEEE,,,,,,,Google Scholar,,,,C:\Users\StanS\Zotero\storage\CN6YWGRF\5584686.html,,,,,,,,,,,,,,,,,,,,,,,,,,,,,,,,,,,,,,,,,,,,,,,,,
10,FP5V6SKH,conferencePaper,2006.0,"Sun, Cuilian; Wang, Hongguang; Zhao, Mingyang; Liu, Hongjun",3D simulation and optimization design of a mobile inspection robot for power transmission lines,2006 6th World Congress on Intelligent Control and Automation,,,,,,2006,2020-03-29 14:50:09,2020-03-29 14:50:09,,8986–8991,,,2.0,,,,,,,,IEEE,,,,,,,Google Scholar,,,,C:\Users\StanS\Zotero\storage\QCPWX4D7\1713738.html,,,,,,,,,,,,,,,,,,,,,,,,,,,,,,,,,,,,,,,,,,,,,,,,,
11,JSQACQBT,journalArticle,2013.0,"Schmidt, Bernard; Mohammed, Abdullah; Wang, Lihui",Minimising energy consumption for robot arm movement,Adv Manuf Eng Technol (NEWTECH),,,,,,2013,2020-03-29 14:52:17,2020-03-29 14:52:17,,125–34,,,,,,,,,,,,,,,,,,Google Scholar,,,,C:\Users\StanS\Zotero\storage\2JCY84NP\Schmidt et al. - 2013 - Minimising energy consumption for robot arm moveme.pdf,,,,,,,,,,,,,,,,,,,,,,,,,,,,,,,,,,,,,,,,,,,,,,,,,
12,4W2S6K5K,conferencePaper,2003.0,"Ishikawa, Masato; Neki, Atsushi; Imura, Jun-ichi; Hara, Shinji",Energy preserving control of a hopping robot based on hybrid port-controlled Hamiltonian modeling,SICE 2003 Annual Conference (IEEE Cat. No. 03TH8734),,,,,,2003,2020-03-29 14:53:35,2020-03-29 14:53:35,,2611–2616,,,3.0,,,,,,,,IEEE,,,,,,,Google Scholar,,,,C:\Users\StanS\Zotero\storage\F7GQBB7X\Ishikawa et al. - 2003 - Energy preserving control of a hopping robot based.pdf; C:\Users\StanS\Zotero\storage\V53NNAWA\1323661.html,,,,,,,,,,,,,,,,,,,,,,,,,,,,,,,,,,,,,,,,,,,,,,,,,
13,CAZKQ6D4,conferencePaper,2012.0,"Meike, Davis; Pellicciari, Marcello; Berselli, Giovanni; Vergnano, Alberto; Ribickis, Leonids",Increasing the energy efficiency of multi-robot production lines in the automotive industry,2012 IEEE International Conference on Automation Science and Engineering (CASE),,,,,,2012,2020-03-29 14:54:04,2020-03-29 14:54:04,,700–705,,,,,,,,,,,IEEE,,,,,,,Google Scholar,,,,C:\Users\StanS\Zotero\storage\BRYS4ZM7\Meike et al. - 2012 - Increasing the energy efficiency of multi-robot pr.pdf; C:\Users\StanS\Zotero\storage\BDMH7G43\6386391.html,,,,,,,,,,,,,,,,,,,,,,,,,,,,,,,,,,,,,,,,,,,,,,,,,
14,NHY9CNQ5,conferencePaper,2011.0,"Deland, Kevin; Lenchner, Jonathan; Nelson, John; Connell, Jonathan; Thoensen, James; Kephart, Jeffrey O.",A robot-in-residence for data center thermal monitoring and energy efficiency management,Proceedings of the 9th ACM Conference on Embedded Networked Sensor Systems,,,,,,2011,2020-03-29 14:54:04,2020-03-29 14:54:04,,381–382,,,,,,,,,,,,,,,,,,Google Scholar,,,,C:\Users\StanS\Zotero\storage\YMRK7X8G\Deland et al. - 2011 - A robot-in-residence for data center thermal monit.pdf; C:\Users\StanS\Zotero\storage\J4ZCXBVB\2070942.html,,,,,,,,,,,,,,,,,,,,,,,,,,,,,,,,,,,,,,,,,,,,,,,,,
15,IGZ7SK2D,journalArticle,2013.0,"Tahvilian, Amir Masoud; Liu, Zhaoheng; Champliaud, Henri; Hazel, Bruce",Experimental and finite element analysis of temperature and energy partition to the workpiece while grinding with a flexible robot,Journal of Materials Processing Technology,,,,,,2013,2020-03-29 14:54:19,2020-03-29 14:54:19,,2292–2303,,12,213.0,,,,,,,,,,,,,,,Google Scholar,,Publisher: Elsevier,,C:\Users\StanS\Zotero\storage\KBXYFUV4\Tahvilian et al. - 2013 - Experimental and finite element analysis of temper.pdf; C:\Users\StanS\Zotero\storage\BYZVFZFZ\S0924013613002185.html,,,,,,,,,,,,,,,,,,,,,,,,,,,,,,,,,,,,,,,,,,,,,,,,,
16,TH8CNRQY,journalArticle,2012.0,"Roy, Shibendu Shekhar; Pratihar, Dilip Kumar",Effects of turning gait parameters on energy consumption and stability of a six-legged walking robot,Robotics and Autonomous Systems,,,,,,2012,2020-03-29 14:54:45,2020-03-29 14:54:45,,72–82,,1,60.0,,,,,,,,,,,,,,,Google Scholar,,Publisher: Elsevier,,C:\Users\StanS\Zotero\storage\Z5TKX8YP\S0921889011001643.html,,,,,,,,,,,,,,,,,,,,,,,,,,,,,,,,,,,,,,,,,,,,,,,,,
17,TUK62CEV,journalArticle,2013.0,"Ackerman, Jeffrey; Seipel, Justin",Energy efficiency of legged robot locomotion with elastically suspended loads,IEEE Transactions on Robotics,,,,,,2013,2020-03-29 14:56:03,2020-03-29 14:56:03,,321–330,,2,29.0,,,,,,,,,,,,,,,Google Scholar,,Publisher: IEEE,,C:\Users\StanS\Zotero\storage\ZZSVUPVD\6423295.html,,,,,,,,,,,,,,,,,,,,,,,,,,,,,,,,,,,,,,,,,,,,,,,,,
18,LKC8BICS,conferencePaper,2015.0,"Riazi, Sarmad; Bengtsson, Kristofer; Wigström, Oskar; Vidarsson, Emma; Lennartson, Bengt",Energy optimization of multi-robot systems,2015 IEEE International conference on automation science and engineering (CASE),,,,,,2015,2020-03-29 14:56:03,2020-03-29 14:56:03,,1345–1350,,,,,,,,,,,IEEE,,,,,,,Google Scholar,,,,C:\Users\StanS\Zotero\storage\WY4A7HQ3\7294285.html,,,,,,,,,,,,,,,,,,,,,,,,,,,,,,,,,,,,,,,,,,,,,,,,,
19,4SRRMD9G,journalArticle,2014.0,"Joung, Tae-Hwan; Choi, Hyeung-Sik; Jung, Sang-Ki; Sammut, Karl; He, Fangpo",Verification of CFD analysis methods for predicting the drag force and thrust power of an underwater disk robot,International Journal of Naval Architecture and Ocean Engineering,,,,,,2014,2020-03-29 14:56:03,2020-03-29 14:56:03,,269–281,,2,6.0,,,,,,,,,,,,,,,Google Scholar,,Publisher: De Gruyter Open,,,,,,,,,,,,,,,,,,,,,,,,,,,,,,,,,,,,,,,,,,,,,,,,,,,
20,SIPN978X,journalArticle,2018.0,"Liu, Aiming; Liu, Huan; Yao, Bitao; Xu, Wenjun; Yang, Ming",Energy consumption modeling of industrial robot based on simulated power data and parameter identification,Advances in Mechanical Engineering,,,,,,2018,2020-03-29 14:56:15,2020-03-29 14:56:15,,1687814018773852,,5,10.0,,,,,,,,,,,,,,,Google Scholar,,"Publisher: SAGE Publications Sage UK: London, England",,C:\Users\StanS\Zotero\storage\RH3U6J4P\1687814018773852.html; C:\Users\StanS\Zotero\storage\KCNAURI3\1687814018773852.html,,,,,,,,,,,,,,,,,,,,,,,,,,,,,,,,,,,,,,,,,,,,,,,,,
21,IN9G9DJD,conferencePaper,2016.0,"Riazi, Sarmad; Bengtsson, Kristofer; Bischoff, Rainer; Aurnhammer, Andreas; Wigström, Oskar; Lennartson, Bengt",Energy and peak-power optimization of existing time-optimal robot trajectories,2016 IEEE International Conference on Automation Science and Engineering (CASE),,,,,,2016,2020-03-29 14:56:15,2020-03-29 14:56:15,,321–327,,,,,,,,,,,IEEE,,,,,,,Google Scholar,,,,C:\Users\StanS\Zotero\storage\A394E758\7743423.html,,,,,,,,,,,,,,,,,,,,,,,,,,,,,,,,,,,,,,,,,,,,,,,,,
22,74C99DQ8,journalArticle,2013.0,"Roy, Shibendu Shekhar; Pratihar, Dilip Kumar","Dynamic modeling, stability and energy consumption analysis of a realistic six-legged walking robot",Robotics and Computer-Integrated Manufacturing,,,,,,2013,2020-03-29 14:57:30,2020-03-29 14:57:30,,400–416,,2,29.0,,,,,,,,,,,,,,,Google Scholar,,Publisher: Elsevier,,"C:\Users\StanS\Zotero\storage\BNT9EJKX\Roy and Pratihar - 2013 - Dynamic modeling, stability and energy consumption.pdf; C:\Users\StanS\Zotero\storage\XEMIZIQM\S0736584512001135.html",,,,,,,,,,,,,,,,,,,,,,,,,,,,,,,,,,,,,,,,,,,,,,,,,
23,AHSRE659,conferencePaper,2016.0,"Geravand, Milad; Shahriari, Erfan; De Luca, Alessandro; Peer, Angelika",Port-based modeling of human-robot collaboration towards safety-enhancing energy shaping control,2016 IEEE International Conference on Robotics and Automation (ICRA),,,,,,2016,2020-03-29 14:57:54,2020-03-29 14:57:54,,3075–3082,,,,,,,,,,,IEEE,,,,,,,Google Scholar,,,,C:\Users\StanS\Zotero\storage\XJPMB7J4\Geravand et al. - 2016 - Port-based modeling of human-robot collaboration t.pdf; C:\Users\StanS\Zotero\storage\CQI8RG6R\7487473.html,,,,,,,,,,,,,,,,,,,,,,,,,,,,,,,,,,,,,,,,,,,,,,,,,
24,BHPCTBTD,journalArticle,2011.0,"Yuan, Jing; Liu, Guangjun; Wu, Bin",Power efficiency estimation-based health monitoring and fault detection of modular and reconfigurable robot,IEEE Transactions on industrial electronics,,,,,,2011,2020-03-29 14:57:54,2020-03-29 14:57:54,,4880–4887,,10,58.0,,,,,,,,,,,,,,,Google Scholar,,Publisher: IEEE,,C:\Users\StanS\Zotero\storage\JDR89K2V\5716671.html,,,,,,,,,,,,,,,,,,,,,,,,,,,,,,,,,,,,,,,,,,,,,,,,,
25,4J2MMVWQ,journalArticle,2015.0,"Pellegrinelli, Stefania; Borgia, Stefano; Pedrocchi, Nicola; Villagrossi, Enrico; Bianchi, Giacomo; Tosatti, Lorenzo Molinari",Minimization of the energy consumption in motion planning for single-robot tasks,Procedia Cirp,,,,,,2015,2020-03-29 14:59:26,2020-03-29 14:59:26,,354–359,,,29.0,,,,,,,,,,,,,,,Google Scholar,,Publisher: Elsevier,,C:\Users\StanS\Zotero\storage\FZEBWT9Y\S2212827115004886.html,,,,,,,,,,,,,,,,,,,,,,,,,,,,,,,,,,,,,,,,,,,,,,,,,
26,4TZW68LT,journalArticle,2018.0,"Olesiak, Krzysztof",Analysis of the energy consumption by an industrial robot for the angular movement of individual axes,Przegląd Elektrotechniczny,,,,,,2018,2020-03-29 14:59:26,2020-03-29 14:59:26,,218–221,,,94.0,,,,,,,,,,,,,,,Google Scholar,,,,C:\Users\StanS\Zotero\storage\23GNQZXE\Olesiak - 2018 - Analysis of the energy consumption by an industria.pdf,,,,,,,,,,,,,,,,,,,,,,,,,,,,,,,,,,,,,,,,,,,,,,,,,
27,9ZDXBW4I,bookSection,2012.0,"Rönnau, Arne; Sutter, Florian; Kerscher, Thilo; Dillmann, Rüdiger",On-board energy consumption estimation for a six-legged walking robot,Field Robotics,,,,,,2012,2020-03-29 14:59:26,2020-03-29 14:59:26,,547–554,,,,,,,,,,,World Scientific,,,,,,,Google Scholar,,,,C:\Users\StanS\Zotero\storage\PABXXW48\Rönnau et al. - 2012 - On-board energy consumption estimation for a six-l.pdf,,,,,,,,,,,,,,,,,,,,,,,,,,,,,,,,,,,,,,,,,,,,,,,,,
28,SXTYIWM7,journalArticle,2016.0,"Zhu, Hongbo; Luo, Minzhou; Mei, Tao; Zhao, Jianghai; Li, Tao; Guo, Fayong",Energy-efficient bio-inspired gait planning and control for biped robot based on human locomotion analysis,Journal of Bionic Engineering,,,,,,2016,2020-03-29 14:59:38,2020-03-29 14:59:38,,271–282,,2,13.0,,,,,,,,,,,,,,,Google Scholar,,Publisher: Springer,,C:\Users\StanS\Zotero\storage\VAKK3VJB\S1672-6529(16)60300-1.html,,,,,,,,,,,,,,,,,,,,,,,,,,,,,,,,,,,,,,,,,,,,,,,,,
29,ILNDWZ5Q,conferencePaper,2011.0,"Roy, Shibendu Shekhar; Pratihar, Dilip Kumar",Dynamic modeling and energy consumption analysis of crab walking of a six-legged robot,2011 IEEE Conference on Technologies for Practical Robot Applications,,,,,,2011,2020-03-29 14:59:38,2020-03-29 14:59:38,,82–87,,,,,,,,,,,IEEE,,,,,,,Google Scholar,,,,C:\Users\StanS\Zotero\storage\K89LSDDR\5753486.html,,,,,,,,,,,,,,,,,,,,,,,,,,,,,,,,,,,,,,,,,,,,,,,,,
30,URN6FP4T,journalArticle,2018.0,"Folgheraiter, Michele; Aubakir, Bauyrzhan",Design and modeling of a lightweight and low power consumption full-scale biped robot,International Journal of Humanoid Robotics,,,,,,2018,2020-03-29 14:59:50,2020-03-29 14:59:50,,1850022,,05,15.0,,,,,,,,,,,,,,,Google Scholar,,Publisher: World Scientific,,,,,,,,,,,,,,,,,,,,,,,,,,,,,,,,,,,,,,,,,,,,,,,,,,,
31,Z4YUD3HY,conferencePaper,2018.0,"Eggers, Kai; Knöchelmann, Elias; Tappe, Svenja; Ortmaier, Tobias",Modeling and experimental validation of the influence of robot temperature on its energy consumption,2018 IEEE International Conference on Industrial Technology (ICIT),,,,,,2018,2020-03-29 14:59:50,2020-03-29 14:59:50,,239–243,,,,,,,,,,,IEEE,,,,,,,Google Scholar,,,,,,,,,,,,,,,,,,,,,,,,,,,,,,,,,,,,,,,,,,,,,,,,,,,,,
32,EF3HP48T,conferencePaper,2013.0,"Brizzi, Paolo; Conzon, Davide; Khaleel, Hussein; Tomasi, Riccardo; Pastrone, Claudio; Spirito, A. M.; Knechtel, M.; Pramudianto, Ferry; Cultrona, P.",Bringing the Internet of Things along the manufacturing line: A case study in controlling industrial robot and monitoring energy consumption remotely,2013 IEEE 18th Conference on Emerging Technologies & Factory Automation (ETFA),,,,,,2013,2020-03-29 14:59:50,2020-03-29 14:59:50,,1–8,,,,,,Bringing the Internet of Things along the manufacturing line,,,,,IEEE,,,,,,,Google Scholar,,,,,,,,,,,,,,,,,,,,,,,,,,,,,,,,,,,,,,,,,,,,,,,,,,,,,
33,BU323I4Z,journalArticle,2017.0,"Grzelczyk, Dariusz; Stanczyk, Bartosz; Awrejcewicz, Jan","Kinematics, dynamics and power consumption analysis of the hexapod robot during walking with tripod gait",International Journal of Structural Stability and Dynamics,,,,,,2017,2020-03-29 14:59:50,2020-03-29 14:59:50,,1740010,,05,17.0,,,,,,,,,,,,,,,Google Scholar,,Publisher: World Scientific,,,,,,,,,,,,,,,,,,,,,,,,,,,,,,,,,,,,,,,,,,,,,,,,,,,
34,XFAZY6I3,journalArticle,2013.0,"Gyurka, B.; Gherman, B.; Vaida, C.; Kovacs, I.; Pisla, D.",Optimal control for reducing the energy consumption of a reconfigurable parallel robot,IFAC Proceedings Volumes,,,,,,2013,2020-03-29 15:00:22,2020-03-29 15:00:22,,143–148,,6,46.0,,,,,,,,,,,,,,,Google Scholar,,Publisher: Elsevier,,C:\Users\StanS\Zotero\storage\FGEUH85J\S1474667016341982.html,,,,,,,,,,,,,,,,,,,,,,,,,,,,,,,,,,,,,,,,,,,,,,,,,
35,3UYEJZB7,conferencePaper,2017.0,"Kreciglowa, Nadia; Karydis, Konstantinos; Kumar, Vijay",Energy efficiency of trajectory generation methods for stop-and-go aerial robot navigation,2017 International Conference on Unmanned Aircraft Systems (ICUAS),,,,,,2017,2020-03-29 15:00:22,2020-03-29 15:00:22,,656–662,,,,,,,,,,,IEEE,,,,,,,Google Scholar,,,,C:\Users\StanS\Zotero\storage\4AGINEIW\7991496.html,,,,,,,,,,,,,,,,,,,,,,,,,,,,,,,,,,,,,,,,,,,,,,,,,
36,LTKHMWJ9,journalArticle,2017.0,"Pecher, Oliver; Halat, David M.; Lee, Jeongjae; Liu, Zigeng; Griffith, Kent J.; Braun, Marco; Grey, Clare P.",Enhanced efficiency of solid-state NMR investigations of energy materials using an external automatic tuning/matching (eATM) robot,Journal of Magnetic Resonance,,,,,,2017,2020-03-29 15:00:22,2020-03-29 15:00:22,,127–136,,,275.0,,,,,,,,,,,,,,,Google Scholar,,Publisher: Elsevier,,C:\Users\StanS\Zotero\storage\AHZTHVXW\S1090780716302725.html,,,,,,,,,,,,,,,,,,,,,,,,,,,,,,,,,,,,,,,,,,,,,,,,,
37,KBEU59RN,journalArticle,2014.0,"Roy, Shibendu Shekhar; Pratihar, Dilip Kumar","Kinematics, dynamics and power consumption analyses for turning motion of a six-legged robot",Journal of Intelligent & Robotic Systems,,,,,,2014,2020-03-29 15:00:22,2020-03-29 15:00:22,,663–688,,3-4,74.0,,,,,,,,,,,,,,,Google Scholar,,Publisher: Springer,,"C:\Users\StanS\Zotero\storage\V38MPTPM\Roy and Pratihar - 2014 - Kinematics, dynamics and power consumption analyse.pdf; C:\Users\StanS\Zotero\storage\YDEWUCEE\s10846-013-9850-6.html",,,,,,,,,,,,,,,,,,,,,,,,,,,,,,,,,,,,,,,,,,,,,,,,,
38,L7PIZK5N,conferencePaper,2003.0,"Takemura, H.; Ueda, J.; Matsumoto, Y.; Ogasawara, T.",The influence of friction on gait and energy efficiency of the walking robot based on rhythmic control,"Proc. 2nd International Symposium on Adaptive Motion in Animals and Machines (AMAM 2003), Kyoto, Japan",,,,,,2003,2020-03-29 15:01:43,2020-03-29 15:01:43,,,,,,,,,,,,,Citeseer,,,,,,,Google Scholar,,,,C:\Users\StanS\Zotero\storage\PJIYPLPK\Takemura et al. - 2003 - The influence of friction on gait and energy effic.pdf,,,,,,,,,,,,,,,,,,,,,,,,,,,,,,,,,,,,,,,,,,,,,,,,,
39,HKK7CLGI,journalArticle,2017.0,"Choi, JaeNeung; Jeong, Kyungmin; Seo, TaeWon",Comparison of linear and torsion-based dynamic modeling of a jumping robot via energy conversion,International Journal of Precision Engineering and Manufacturing,,,,,,2017,2020-03-29 15:01:51,2020-03-29 15:01:51,,1529–1535,,11,18.0,,,,,,,,,,,,,,,Google Scholar,,Publisher: Springer,,C:\Users\StanS\Zotero\storage\ZXJBBHJK\s12541-017-0181-6.html,,,,,,,,,,,,,,,,,,,,,,,,,,,,,,,,,,,,,,,,,,,,,,,,,
40,NBG5M76S,journalArticle,2015.0,"Deng, Zongquan; Liu, Yiqun; Ding, Liang; Gao, Haibo; Yu, Haitao; Liu, Zhen",Motion planning and simulation verification of a hydraulic hexapod robot based on reducing energy/flow consumption,Journal of Mechanical Science and Technology,,,,,,2015,2020-03-29 15:01:51,2020-03-29 15:01:51,,4427–4436,,10,29.0,,,,,,,,,,,,,,,Google Scholar,,Publisher: Springer,,C:\Users\StanS\Zotero\storage\EQE4XM6Y\s12206-015-0941-0.html,,,,,,,,,,,,,,,,,,,,,,,,,,,,,,,,,,,,,,,,,,,,,,,,,
41,NERZHZ84,journalArticle,2017.0,"Kurilova-Palisaitiene, Jelena; Permin, Eike; Mannheim, Tom; Buhse, K.; Lorenz, M.; Schmitt, R.; Corves, B.; Björkman, Mats",Industrial energy efficiency potentials: an assessment of three different robot concepts,International Journal of Sustainable Engineering,,,,,,2017,2020-03-29 15:01:51,2020-03-29 15:01:51,,185–196,,3,10.0,,,Industrial energy efficiency potentials,,,,,,,,,,,,Google Scholar,,Publisher: Taylor & Francis,,C:\Users\StanS\Zotero\storage\WATZQPWA\19397038.2017.html,,,,,,,,,,,,,,,,,,,,,,,,,,,,,,,,,,,,,,,,,,,,,,,,,
42,PM7DTMMC,conferencePaper,2016.0,"Otsu, Kyohei; Kubota, Takashi",Energy-aware terrain analysis for mobile robot exploration,Field and Service Robotics,,,,,,2016,2020-03-29 15:01:51,2020-03-29 15:01:51,,373–388,,,,,,,,,,,Springer,,,,,,,Google Scholar,,,,C:\Users\StanS\Zotero\storage\UABE3FA2\Otsu and Kubota - 2016 - Energy-aware terrain analysis for mobile robot exp.pdf; C:\Users\StanS\Zotero\storage\E6PMWG4P\978-3-319-27702-8_25.html,,,,,,,,,,,,,,,,,,,,,,,,,,,,,,,,,,,,,,,,,,,,,,,,,
43,QWWKPVCQ,conferencePaper,2017.0,"Ferguson, Thomas A.; Lu, Lixuan",Fault tree analysis for an inspection robot in a nuclear power plant,IOP Conference Series: Materials Science and Engineering,,,,,,2017,2020-03-29 15:02:14,2020-03-29 15:02:14,,012003,,,235.0,,,,,,,,IOP Publishing,,,,,,,Google Scholar,,Issue: 1,,C:\Users\StanS\Zotero\storage\LEL6QFB9\Ferguson and Lu - 2017 - Fault tree analysis for an inspection robot in a n.pdf; C:\Users\StanS\Zotero\storage\RYWVHZDN\meta.html,,,,,,,,,,,,,,,,,,,,,,,,,,,,,,,,,,,,,,,,,,,,,,,,,
44,S5BSRI3E,journalArticle,2019.0,"Veccia, Alessandro; Antonelli, Alessandro; Hampton, Lance J.; Greco, Francesco; Perdonà, Sisto; Lima, Estevão; Hemal, Ashok K.; Derweesh, Ithaar; Porpiglia, Francesco; Autorino, Riccardo",Near-infrared fluorescence imaging with indocyanine green in robot-assisted partial nephrectomy: pooled analysis of comparative studies,European urology focus,,,,,,2019,2020-03-29 15:02:31,2020-03-29 15:02:31,,,,,,,,Near-infrared fluorescence imaging with indocyanine green in robot-assisted partial nephrectomy,,,,,,,,,,,,Google Scholar,,Publisher: Elsevier,,C:\Users\StanS\Zotero\storage\NYR56FST\S240545691930080X.html,,,,,,,,,,,,,,,,,,,,,,,,,,,,,,,,,,,,,,,,,,,,,,,,,
45,LGZRLIFB,journalArticle,2018.0,"Glorieux, Emile; Riazi, Sarmad; Lennartson, Bengt",Productivity/energy optimisation of trajectories and coordination for cyclic multi-robot systems,Robotics and Computer-Integrated Manufacturing,,,,,,2018,2020-03-29 15:02:31,2020-03-29 15:02:31,,152–161,,,49.0,,,,,,,,,,,,,,,Google Scholar,,Publisher: Elsevier,,C:\Users\StanS\Zotero\storage\TCDXZ672\S0736584516303155.html,,,,,,,,,,,,,,,,,,,,,,,,,,,,,,,,,,,,,,,,,,,,,,,,,
46,GLSC6CK2,conferencePaper,2013.0,"Wigström, Oskar; Lennartson, Bengt",Sustainable production automation-energy optimization of robot cells,2013 IEEE International Conference on Robotics and Automation,,,,,,2013,2020-03-29 15:02:45,2020-03-29 15:02:45,,252–257,,,,,,,,,,,IEEE,,,,,,,Google Scholar,,,,C:\Users\StanS\Zotero\storage\NSJQTR2E\Wigström and Lennartson - 2013 - Sustainable production automation-energy optimizat.pdf; C:\Users\StanS\Zotero\storage\JXFSXF7H\6630584.html,,,,,,,,,,,,,,,,,,,,,,,,,,,,,,,,,,,,,,,,,,,,,,,,,
47,G52LSXYJ,conferencePaper,2012.0,"Choi, Changrak; Chatzigeorgiou, Dimitris; Ben-Mansour, Rached; Youcef-Toumi, Kamal",Design and analysis of novel friction controlling mechanism with minimal energy for in-pipe robot applications,2012 IEEE International Conference on Robotics and Automation,,,,,,2012,2020-03-29 15:02:45,2020-03-29 15:02:45,,4118–4123,,,,,,,,,,,IEEE,,,,,,,Google Scholar,,,,C:\Users\StanS\Zotero\storage\437JRNI5\Choi et al. - 2012 - Design and analysis of novel friction controlling .pdf; C:\Users\StanS\Zotero\storage\GVEJXG6B\6225380.html,,,,,,,,,,,,,,,,,,,,,,,,,,,,,,,,,,,,,,,,,,,,,,,,,
48,IS2YX5BI,conferencePaper,2009.0,"Han, Yali; Wang, Xingsong; Fu, Chunqian; Niu, Jianqin",The study on human walking gait analysis system for the design of walking power-assisted robot,2009 International Conference on Mechatronics and Automation,,,,,,2009,2020-03-29 15:02:45,2020-03-29 15:02:45,,3607–3612,,,,,,,,,,,IEEE,,,,,,,Google Scholar,,,,C:\Users\StanS\Zotero\storage\DZ99XB4C\5246058.html,,,,,,,,,,,,,,,,,,,,,,,,,,,,,,,,,,,,,,,,,,,,,,,,,
49,T2M45ZN7,journalArticle,2016.0,"Mazumdar, Anirban; Spencer, Steven J.; Hobart, Clinton; Salton, Jonathan; Quigley, Morgan; Wu, Tingfan; Bertrand, Sylvain; Pratt, Jerry; Buerger, Stephen P.",Parallel elastic elements improve energy efficiency on the STEPPR bipedal walking robot,IEEE/ASME Transactions on Mechatronics,,,,,,2016,2020-03-29 15:03:00,2020-03-29 15:03:00,,898–908,,2,22.0,,,,,,,,,,,,,,,Google Scholar,,Publisher: IEEE,,C:\Users\StanS\Zotero\storage\VS6AD3Y7\Mazumdar et al. - 2016 - Parallel elastic elements improve energy efficienc.pdf; C:\Users\StanS\Zotero\storage\FR9K5WV9\7755759.html,,,,,,,,,,,,,,,,,,,,,,,,,,,,,,,,,,,,,,,,,,,,,,,,,
50,HRKYADVL,conferencePaper,2011.0,"Hayashi, Yoshiaki; Dubey, Rajiv; Kiguchi, Kazuo",Torque optimization for a 7DOF upper-limb power-assist exoskeleton robot,2011 IEEE Workshop on Robotic Intelligence In Informationally Structured Space,,,,,,2011,2020-03-29 15:03:00,2020-03-29 15:03:00,,49–54,,,,,,,,,,,IEEE,,,,,,,Google Scholar,,,,C:\Users\StanS\Zotero\storage\J847JMR9\5945786.html,,,,,,,,,,,,,,,,,,,,,,,,,,,,,,,,,,,,,,,,,,,,,,,,,
51,CKY6Z5BE,bookSection,2006.0,"Siregar, Houtman P.; Martynenko, Yuri G.",Computation of optimum consumption of energy for anthropomorphic robot driven by electric motor,Robot Motion and Control,,,,,,2006,2020-03-29 15:04:53,2020-03-29 15:04:53,,233–241,,,,,,,,,,,Springer,,,,,,,Google Scholar,,,,C:\Users\StanS\Zotero\storage\9XXNQYA5\978-1-84628-405-2_15.html,,,,,,,,,,,,,,,,,,,,,,,,,,,,,,,,,,,,,,,,,,,,,,,,,
52,JTZCXUZK,conferencePaper,2012.0,"Zhang, Lei; Gao, Shan",Normalized energy stability margin based analysis of omni-directional static walking of a quadruped robot on rough terrain,Advanced Materials Research,,,,,,2012,2020-03-29 15:04:53,2020-03-29 15:04:53,,7401–7405,,,383.0,,,,,,,,Trans Tech Publ,,,,,,,Google Scholar,,,,C:\Users\StanS\Zotero\storage\BP8IE78K\AMR.383-390.html,,,,,,,,,,,,,,,,,,,,,,,,,,,,,,,,,,,,,,,,,,,,,,,,,
53,Y4H8VWL2,bookSection,2012.0,"Briere, Yves",Sailing robot performance: maximum speed tracking vs energy efficiency,Field Robotics,,,,,,2012,2020-03-29 15:04:53,2020-03-29 15:04:53,,102–109,,,,,,Sailing robot performance,,,,,World Scientific,,,,,,,Google Scholar,,,,C:\Users\StanS\Zotero\storage\ZDEZDVU2\Briere - 2012 - Sailing robot performance maximum speed tracking .pdf; C:\Users\StanS\Zotero\storage\D3KICHZ3\9789814374286_0012.html,,,,,,,,,,,,,,,,,,,,,,,,,,,,,,,,,,,,,,,,,,,,,,,,,
54,HTK7SYE8,journalArticle,2015.0,"Shi, Yu; Yan, Guozheng; Chen, Wenwen; Zhu, Bingquan","Micro-intestinal robot with wireless power transmission: design, analysis and experiment",Computers in biology and medicine,,,,,,2015,2020-03-29 15:06:06,2020-03-29 15:06:06,,343–351,,,66.0,,,Micro-intestinal robot with wireless power transmission,,,,,,,,,,,,Google Scholar,,Publisher: Elsevier,,C:\Users\StanS\Zotero\storage\YV3HFW4X\S0010482515002036.html,,,,,,,,,,,,,,,,,,,,,,,,,,,,,,,,,,,,,,,,,,,,,,,,,
55,CXPLUKGM,conferencePaper,2012.0,"Roy, Shibendu Shekhar; Pratihar, Dilip Kumar",Dynamic modeling of energy efficient crab walking of hexapod robot,Applied Mechanics and Materials,,,,,,2012,2020-03-29 15:06:06,2020-03-29 15:06:06,,2730–2739,,,110.0,,,,,,,,Trans Tech Publ,,,,,,,Google Scholar,,,,C:\Users\StanS\Zotero\storage\EFYIA3D9\Roy and Pratihar - 2012 - Dynamic modeling of energy efficient crab walking .pdf; C:\Users\StanS\Zotero\storage\RXIJ8Z9C\AMM.110-116.html,,,,,,,,,,,,,,,,,,,,,,,,,,,,,,,,,,,,,,,,,,,,,,,,,
56,A8KWDAB5,conferencePaper,2011.0,"Monje, Concepción A.; Martínez, Santiago; Jardón, Alberto; Pierro, Paolo; Balaguer, Carlos; Muñoz, Delia",Full-size humanoid robot TEO: Design attending mechanical robustness and energy consumption,2011 11th IEEE-RAS International Conference on Humanoid Robots,,,,,,2011,2020-03-29 15:06:06,2020-03-29 15:06:06,,325–330,,,,,,Full-size humanoid robot TEO,,,,,IEEE,,,,,,,Google Scholar,,,,C:\Users\StanS\Zotero\storage\KPKS8BC2\6100835.html,,,,,,,,,,,,,,,,,,,,,,,,,,,,,,,,,,,,,,,,,,,,,,,,,
57,CFCHMYMI,conferencePaper,2015.0,"Rabenorosoa, Kanty; Rakotondrabe, Micky",Performances analysis of piezoelectric cantilever based energy harvester devoted to mesoscale intra-body robot,Next-Generation Robotics II; and Machine Intelligence and Bio-inspired Computation: Theory and Applications IX,,,,,,2015,2020-03-29 15:06:27,2020-03-29 15:06:27,,94940E,,,9494.0,,,,,,,,International Society for Optics and Photonics,,,,,,,Google Scholar,,,,C:\Users\StanS\Zotero\storage\3G3BVI5B\Rabenorosoa and Rakotondrabe - 2015 - Performances analysis of piezoelectric cantilever .pdf; C:\Users\StanS\Zotero\storage\2XC66YQ4\12.2186825.html,,,,,,,,,,,,,,,,,,,,,,,,,,,,,,,,,,,,,,,,,,,,,,,,,
58,54C3QVRU,conferencePaper,2016.0,"Banas, W.; Gwiazda, A.; Monica, Z.; Sekala, A.; Foit, K.",Analysis of the position of robotic cell components and its impact on energy consumption by robot,IOP Conference Series: Materials Science and Engineering,,,,,,2016,2020-03-29 15:06:27,2020-03-29 15:06:27,,052017,,,145.0,,,,,,,,IOP Publishing,,,,,,,Google Scholar,,Issue: 5,,C:\Users\StanS\Zotero\storage\S3ENA96D\Banas et al. - 2016 - Analysis of the position of robotic cell component.pdf; C:\Users\StanS\Zotero\storage\VKIK49B6\meta.html,,,,,,,,,,,,,,,,,,,,,,,,,,,,,,,,,,,,,,,,,,,,,,,,,
59,3YDK2YRS,journalArticle,2017.0,"Yue, Xiang; Wang, Hongguang; Jiang, Yong",A novel 110 kV power line inspection robot and its climbing ability analysis,International Journal of Advanced Robotic Systems,,,,,,2017,2020-03-29 15:06:27,2020-03-29 15:06:27,,1729881417710461,,3,14.0,,,,,,,,,,,,,,,Google Scholar,,"Publisher: SAGE Publications Sage UK: London, England",,C:\Users\StanS\Zotero\storage\4LQR957J\1729881417710461.html; C:\Users\StanS\Zotero\storage\B9UGACUZ\1729881417710461.html,,,,,,,,,,,,,,,,,,,,,,,,,,,,,,,,,,,,,,,,,,,,,,,,,
60,59IVA3EC,conferencePaper,2012.0,"Ackerman, Jeffrey; Da, Xingye; Seipel, Justin",Energy efficiency of legged robot locomotion with elastically-suspended loads over a range of suspension stiffnesses,ASME 2012 International Design Engineering Technical Conferences and Computers and Information in Engineering Conference,,,,,,2012,2020-03-29 15:07:21,2020-03-29 15:07:21,,1153–1159,,,,,,,,,,,American Society of Mechanical Engineers Digital Collection,,,,,,,Google Scholar,,,,C:\Users\StanS\Zotero\storage\VFRFQHJM\255669.html,,,,,,,,,,,,,,,,,,,,,,,,,,,,,,,,,,,,,,,,,,,,,,,,,
61,8H4LRH6I,conferencePaper,2016.0,"Benkrid, Abdenour; Benallegue, Abdelaziz; Achour, Noura",Robot's energy consumption based multi-robot exploration strategy,2016 IEEE International Conference on Robotics and Biomimetics (ROBIO),,,,,,2016,2020-03-29 15:07:38,2020-03-29 15:07:38,,1129–1134,,,,,,,,,,,IEEE,,,,,,,Google Scholar,,,,C:\Users\StanS\Zotero\storage\227V5WD7\7866477.html,,,,,,,,,,,,,,,,,,,,,,,,,,,,,,,,,,,,,,,,,,,,,,,,,
62,KHD94ZAQ,conferencePaper,2017.0,"Ordóñez, Laura M.; Solarte, John E.; Krut, Sébastien; Vivas, Andrés",Simulation and energy consumption analysis of a parallel robot,2017 IEEE 3rd Colombian Conference on Automatic Control (CCAC),,,,,,2017,2020-03-29 15:07:38,2020-03-29 15:07:38,,1–6,,,,,,,,,,,IEEE,,,,,,,Google Scholar,,,,C:\Users\StanS\Zotero\storage\J5CE2YW4\8276417.html,,,,,,,,,,,,,,,,,,,,,,,,,,,,,,,,,,,,,,,,,,,,,,,,,
63,FGQ7BA8Y,journalArticle,2015.0,"Fu, Wei Xing-wei; Wu, Gongping; Zhou, Peng; Yu, Na",Energy-consumption estimation of inspection robot based on Kalman filter,Journal of Zhejiang University (Engineering Science),,,,,,2015,2020-03-29 15:07:38,2020-03-29 15:07:38,,9,,4,,,,,,,,,,,,,,,,Google Scholar,,,,C:\Users\StanS\Zotero\storage\7GD8SFCV\CJFDTotal-ZDZC201504009.html,,,,,,,,,,,,,,,,,,,,,,,,,,,,,,,,,,,,,,,,,,,,,,,,,
64,5TAZ4NRF,journalArticle,2016.0,"Albalasie, Ahmad; Seliger, Guenther; Hanieh, Ahmed Abu",Using adaptive model predictive technique to control underactuated robot and minimize energy consumption,Procedia CIRP,,,,,,2016,2020-03-29 15:07:55,2020-03-29 15:07:55,,407–412,,,40.0,,,,,,,,,,,,,,,Google Scholar,,Publisher: Elsevier,,C:\Users\StanS\Zotero\storage\WBRTL7YF\S2212827116000950.html,,,,,,,,,,,,,,,,,,,,,,,,,,,,,,,,,,,,,,,,,,,,,,,,,
65,YPDZA4IQ,journalArticle,2016.0,"Zhu, Yaguang; Guo, Tong",Galloping trajectory generation of a legged transport robot based on energy consumption optimization,Journal of Robotics,,,,,,2016,2020-03-29 15:08:35,2020-03-29 15:08:35,,,,,2016.0,,,,,,,,,,,,,,,Google Scholar,,Publisher: Hindawi,,C:\Users\StanS\Zotero\storage\8PP57BRY\Zhu and Guo - 2016 - Galloping trajectory generation of a legged transp.pdf; C:\Users\StanS\Zotero\storage\GZHIUHFI\9645730.html,,,,,,,,,,,,,,,,,,,,,,,,,,,,,,,,,,,,,,,,,,,,,,,,,
66,BB29YPLN,conferencePaper,2015.0,"Hu, Zhonghua; Guan, Da; Xu, Wenfu; Wang, Zhiying; Zou, Huaiwu",Mechanical design and motion analysis of a small intelligent inspection robot for nuclear power plant,2015 IEEE International Conference on Information and Automation,,,,,,2015,2020-03-29 15:08:35,2020-03-29 15:08:35,,964–969,,,,,,,,,,,IEEE,,,,,,,Google Scholar,,,,C:\Users\StanS\Zotero\storage\Y7SM72X5\7279426.html,,,,,,,,,,,,,,,,,,,,,,,,,,,,,,,,,,,,,,,,,,,,,,,,,
67,J7DDW9RD,conferencePaper,2016.0,"Wang, Jie; Ramirez-Serrano, Alex",Stair-climbing and energy consumption evaluation of a leg-tracked quadruped robot,2016 IEEE International Conference on Advanced Intelligent Mechatronics (AIM),,,,,,2016,2020-03-29 15:09:59,2020-03-29 15:09:59,,1448–1453,,,,,,,,,,,IEEE,,,,,,,Google Scholar,,,,C:\Users\StanS\Zotero\storage\I44WFWS9\7576974.html,,,,,,,,,,,,,,,,,,,,,,,,,,,,,,,,,,,,,,,,,,,,,,,,,
68,YKP5I6GQ,conferencePaper,2015.0,"Pereira, Ana I.; Lima, José; Costa, Paulo",Combining gait optimization with passive system to increase the energy efficiency of a humanoid robot walking movement,AIP Conference Proceedings,,,,,,2015,2020-03-29 15:09:59,2020-03-29 15:09:59,,140002,,,1648.0,,,,,,,,AIP Publishing LLC,,,,,,,Google Scholar,,Issue: 1,,C:\Users\StanS\Zotero\storage\N59XMEAD\Pereira et al. - 2015 - Combining gait optimization with passive system to.pdf; C:\Users\StanS\Zotero\storage\W4SRI7DY\1.html,,,,,,,,,,,,,,,,,,,,,,,,,,,,,,,,,,,,,,,,,,,,,,,,,
69,9RVMAJUA,journalArticle,2019.0,"Mahapatra, Abhijit; Roy, Shibendu Shekhar; Pratihar, Dilip Kumar","Study on feet forces' distributions, energy consumption and dynamic stability measure of hexapod robot during crab walking",Applied Mathematical Modelling,,,,,,2019,2020-03-29 15:10:30,2020-03-29 15:10:30,,717–744,,,65.0,,,,,,,,,,,,,,,Google Scholar,,Publisher: Elsevier,,C:\Users\StanS\Zotero\storage\WGBSJ3CD\S0307904X18304578.html,,,,,,,,,,,,,,,,,,,,,,,,,,,,,,,,,,,,,,,,,,,,,,,,,
70,RAZ6MKRJ,journalArticle,2016.0,"Jebelli, Ali; Yagoub, Mustapha CE",Fuzzy logic pid based control design for a small underwater robot with minimum energy consumption,International Journal of Mechanical Engineering and Robotics Research,,,,,,2016,2020-03-29 15:10:30,2020-03-29 15:10:30,,,,3,5.0,,,,,,,,,,,,,,,Google Scholar,,,,C:\Users\StanS\Zotero\storage\AIIJC8YH\Jebelli and Yagoub - 2016 - Fuzzy logic pid based control design for a small u.pdf,,,,,,,,,,,,,,,,,,,,,,,,,,,,,,,,,,,,,,,,,,,,,,,,,
71,Z5UGDBHE,journalArticle,2019.0,"Yang, Kun; Rong, Xuewen; Zhou, Lelai; Li, Yibin",Modeling and analysis on energy consumption of hydraulic quadruped robot for optimal trot motion control,Applied Sciences,,,,,,2019,2020-03-29 15:10:47,2020-03-29 15:10:47,,1771,,9,9.0,,,,,,,,,,,,,,,Google Scholar,,Publisher: Multidisciplinary Digital Publishing Institute,,C:\Users\StanS\Zotero\storage\UK3QEYCA\Yang et al. - 2019 - Modeling and analysis on energy consumption of hyd.pdf; C:\Users\StanS\Zotero\storage\YR9ZK5CC\1771.html,,,,,,,,,,,,,,,,,,,,,,,,,,,,,,,,,,,,,,,,,,,,,,,,,
72,A7EPN4JW,conferencePaper,2013.0,"Sha, Sheng; Jianzhong, Wang; Shaopeng, Pan; Jiadong, Shi",Coupled drive leg of quadrupedal robot mechanism design and analysis of energy consumption,"Proceedings 2013 International Conference on Mechatronic Sciences, Electric Engineering and Computer (MEC)",,,,,,2013,2020-03-29 15:10:47,2020-03-29 15:10:47,,784–787,,,,,,,,,,,IEEE,,,,,,,Google Scholar,,,,C:\Users\StanS\Zotero\storage\4V673JJZ\6885166.html,,,,,,,,,,,,,,,,,,,,,,,,,,,,,,,,,,,,,,,,,,,,,,,,,
73,GHZXXWV3,journalArticle,2012.0,"Yang, Mingbo; Liang, Zize; Qian, Hanbo; Li, En; Yang, Guodong",Design and analysis of multi-winding power current transformer for power transmission lines inspection robot,Procedia Engineering,,,,,,2012,2020-03-29 15:10:47,2020-03-29 15:10:47,,2187–2193,,,29.0,,,,,,,,,,,,,,,Google Scholar,,Publisher: Elsevier,,C:\Users\StanS\Zotero\storage\J7SZAI9X\Yang et al. - 2012 - Design and analysis of multi-winding power current.pdf,,,,,,,,,,,,,,,,,,,,,,,,,,,,,,,,,,,,,,,,,,,,,,,,,
74,9BPMY49L,conferencePaper,2014.0,"Wigström, Oskar; Lennartson, Bengt",Towards integrated OR/CP energy optimization for robot cells,2014 IEEE International Conference on Robotics and Automation (ICRA),,,,,,2014,2020-03-29 15:16:12,2020-03-29 15:16:12,,1674–1680,,,,,,,,,,,IEEE,,,,,,,Google Scholar,,,,C:\Users\StanS\Zotero\storage\9J5LHEFZ\6907076.html,,,,,,,,,,,,,,,,,,,,,,,,,,,,,,,,,,,,,,,,,,,,,,,,,
75,L6CZ54GW,journalArticle,2019.0,"Wang, Yina; Xiong, Wenqiu; Yang, Junyou; Jiang, Yinlai; Wang, Shuoyu",A robust feedback path tracking control algorithm for an indoor carrier robot considering energy optimization,Energies,,,,,,2019,2020-03-29 15:16:12,2020-03-29 15:16:12,,2010,,10,12.0,,,,,,,,,,,,,,,Google Scholar,,Publisher: Multidisciplinary Digital Publishing Institute,,C:\Users\StanS\Zotero\storage\95E358C8\Wang et al. - 2019 - A robust feedback path tracking control algorithm .pdf; C:\Users\StanS\Zotero\storage\6XIK7CD4\2010.html,,,,,,,,,,,,,,,,,,,,,,,,,,,,,,,,,,,,,,,,,,,,,,,,,
76,9L9BTV83,journalArticle,2019.0,"Serralheiro, Werther; Maruyama, Newton; Saggin, Fabrício",Self-tuning time-energy optimization for the trajectory planning of a wheeled mobile robot,Journal of Intelligent & Robotic Systems,,,,,,2019,2020-03-29 15:16:12,2020-03-29 15:16:12,,987–997,,3-4,95.0,,,,,,,,,,,,,,,Google Scholar,,Publisher: Springer,,C:\Users\StanS\Zotero\storage\98LRKHNH\Serralheiro et al. - 2019 - Self-tuning time-energy optimization for the traje.pdf; C:\Users\StanS\Zotero\storage\4MTWGH8N\s10846-018-0922-5.html,,,,,,,,,,,,,,,,,,,,,,,,,,,,,,,,,,,,,,,,,,,,,,,,,
77,TNIL3LT9,journalArticle,2019.0,"Le, Anh Vu; Ku, Ping-Cheng; Than Tun, Thein; Huu Khanh Nhan, Nguyen; Shi, Yuyao; Mohan, Rajesh Elara",Realization energy optimization of complete path planning in differential drive based self-reconfigurable floor cleaning robot,Energies,,,,,,2019,2020-03-29 15:16:57,2020-03-29 15:16:57,,1136,,6,12.0,,,,,,,,,,,,,,,Google Scholar,,Publisher: Multidisciplinary Digital Publishing Institute,,C:\Users\StanS\Zotero\storage\DYTR695D\Le et al. - 2019 - Realization energy optimization of complete path p.pdf; C:\Users\StanS\Zotero\storage\JHUNMCFT\1136.html,,,,,,,,,,,,,,,,,,,,,,,,,,,,,,,,,,,,,,,,,,,,,,,,,
78,833HERCY,journalArticle,2017.0,"Grebers, Ritvars; Gadaleta, Michele; Paugurs, Arturs; Senfelds, Armands; Avotins, Ansis; Pellicciari, Marcello",Analysis of the energy consumption of a novel dc power supplied industrial robot,Procedia Manufacturing,,,,,,2017,2020-03-29 15:18:32,2020-03-29 15:18:32,,311–318,,,11.0,,,,,,,,,,,,,,,Google Scholar,,Publisher: Elsevier,,C:\Users\StanS\Zotero\storage\IH2B8Y59\S2351978917303153.html,,,,,,,,,,,,,,,,,,,,,,,,,,,,,,,,,,,,,,,,,,,,,,,,,
79,CY9R2YAL,journalArticle,2018.0,"Enferadi, Javad; Saffar, Vahid",A virtual power algorithm for dynamics analysis of a 3-RRcP spherical parallel robot using the screw theory,Australian Journal of Mechanical Engineering,,,,,,2018,2020-03-29 15:18:32,2020-03-29 15:18:32,,1–13,,,,,,,,,,,,,,,,,,Google Scholar,,Publisher: Taylor & Francis,,C:\Users\StanS\Zotero\storage\X9ZGDDQI\14484846.2018.html,,,,,,,,,,,,,,,,,,,,,,,,,,,,,,,,,,,,,,,,,,,,,,,,,
80,RPNV2M8T,conferencePaper,2019.0,"Hadidi, Ramyad; Cao, Jiashen; Merck, M. L.; Siqueira, Arthur; Huang, Qiusen; Saraha, Abhijeet; Jia, Chunjun; Wang, Bingyao; Lim, Dongsuk; Liu, Lixing",Understanding the power consumption of executing deep neural networks on a distributed robot system,"Algorithms and Architectures for Learning in-the-Loop Systems in Autonomous Flight, International Conference on Robotics and Automation (ICRA)",,,,,,2019,2020-03-29 15:19:02,2020-03-29 15:19:02,,,,,2019.0,,,,,,,,,,,,,,,Google Scholar,,,,C:\Users\StanS\Zotero\storage\GW232KAB\Hadidi et al. - 2019 - Understanding the power consumption of executing d.pdf,,,,,,,,,,,,,,,,,,,,,,,,,,,,,,,,,,,,,,,,,,,,,,,,,
81,FH3N8AR3,conferencePaper,2012.0,"Hida, Minoru; He, Yingxin; Yamamoto, Yusuke; Maekawa, Naoki; Tatsuno, Kyoichi; Kunii, Yasuyuki",A task analysis and a controller system design for a power distribution line maintenance robot,2012 2nd International Conference on Applied Robotics for the Power Industry (CARPI),,,,,,2012,2020-03-29 15:19:41,2020-03-29 15:19:41,,102–107,,,,,,,,,,,IEEE,,,,,,,Google Scholar,,,,,,,,,,,,,,,,,,,,,,,,,,,,,,,,,,,,,,,,,,,,,,,,,,,,,
82,467JRKR5,journalArticle,2020.0,"Cheng, Liang; Huan, Honglun; Ke, Yinglin",Elastic-plastic analysis and riveting energy control for dual-robot pneumatic riveting system,"Proceedings of the Institution of Mechanical Engineers, Part C: Journal of Mechanical Engineering Science",,,,,,2020,2020-03-29 15:20:53,2020-03-29 15:20:53,,0954406219897934,,,,,,,,,,,,,,,,,,Google Scholar,,"Publisher: SAGE Publications Sage UK: London, England",,C:\Users\StanS\Zotero\storage\B56LSMW7\0954406219897934.html,,,,,,,,,,,,,,,,,,,,,,,,,,,,,,,,,,,,,,,,,,,,,,,,,
83,MCBYEIJU,journalArticle,2013.0,"Peralta Cabezas, José Luis","Towards energy-efficient limit-cycle walking in biped service robots: design analysis, modeling and experimental study of biped robot actuated by linear motors",,,,,,,2013,2020-03-29 15:20:53,2020-03-29 15:20:53,,,,,,,,Towards energy-efficient limit-cycle walking in biped service robots,,,,,,,,,,,,Google Scholar,,Publisher: Aalto University,,C:\Users\StanS\Zotero\storage\8S5A7RQQ\Peralta Cabezas - 2013 - Towards energy-efficient limit-cycle walking in bi.pdf; C:\Users\StanS\Zotero\storage\PSMQPAL9\11849.html,,,,,,,,,,,,,,,,,,,,,,,,,,,,,,,,,,,,,,,,,,,,,,,,,
84,3W5W7JF2,journalArticle,,"Pratihar, Dilip Kumar",Effects of turning gait parameters on energy consumption and stability of a six-legged walking robot,,,,,,,,2020-03-29 15:27:49,2020-03-29 15:27:49,,,,,,,,,,,,,,,,,,,,Google Scholar,,,,C:\Users\StanS\Zotero\storage\RSSYA4DH\Pratihar - Effects of turning gait parameters on energy consu.pdf,,,,,,,,,,,,,,,,,,,,,,,,,,,,,,,,,,,,,,,,,,,,,,,,,
85,F6ZXV4Y4,journalArticle,2018.0,"Wang, Yi; Ma, Jitong; Zhang, Zhe; Zhao, Hongmei; Teng, Juyuan; He, Yu; Xu, Hongbin",Harvesting sequence planning of a harvesting robot based on the principle of minimum energy consumption,The Journal of Engineering,,,,,,2018,2020-03-29 15:28:18,2020-03-29 15:28:18,,1447–1456,,16,2018.0,,,,,,,,,,,,,,,Google Scholar,,Publisher: IET,,C:\Users\StanS\Zotero\storage\5JSGY4S3\8543703.html,,,,,,,,,,,,,,,,,,,,,,,,,,,,,,,,,,,,,,,,,,,,,,,,,
86,F29TPYC9,journalArticle,,"Bhounsule, Pranav A.; Cortell, Jason; Hendriksen, Bram; Karssen, JG Daniël; Paul, Chandana; Ruina, Andy",PRE-PRINT A robot that walked 65 km on a single charge: energy-effective and reliable locomotion using trajectory optimization and stabilization from reflexes,,,,,,,,2020-03-29 15:28:18,2020-03-29 15:28:18,,,,,,,,PRE-PRINT A robot that walked 65 km on a single charge,,,,,,,,,,,,Google Scholar,,,,C:\Users\StanS\Zotero\storage\QIAB83UY\Bhounsule et al. - PRE-PRINT A robot that walked 65 km on a single ch.pdf,,,,,,,,,,,,,,,,,,,,,,,,,,,,,,,,,,,,,,,,,,,,,,,,,
87,DEN4F9BF,journalArticle,2011.0,"Peña Cortés, César Augusto; Martínez Oviedo, Edison; Cárdenas Herrera, Pedro Fabián",Dimentional optimization of a Delta parallel robot based on a lower energy consumption,Ciencia e Ingeniería Neogranadina,,,,,,2011,2020-03-29 15:29:11,2020-03-29 15:29:11,,73–88,,1,21.0,,,,,,,,,,,,,,,Google Scholar,,Publisher: Universidad Militar Nueva Granada,,C:\Users\StanS\Zotero\storage\9UU946BS\scielo.html,,,,,,,,,,,,,,,,,,,,,,,,,,,,,,,,,,,,,,,,,,,,,,,,,
